Enter Directory,Output,flag,username,timestamp
D:\piotr\7 semestr\raster,,,,2023-12-22 14:05:59.667354
D:\piotr\7 semestr\raster,,,,2023-12-22 14:20:25.345360
"{""path"":""flagged\\image\\f9c2694a95d35e59d48a\\41.png"",""url"":""http://127.0.0.1:7860/file=C:\\Users\\piotr\\AppData\\Local\\Temp\\gradio\\02e127273f06a7d2e87fd3275236860198c943aa\\41.png"",""size"":32170,""orig_name"":""41.png"",""mime_type"":""""}","{""path"":""flagged\\output\\549316b20c464dc6ba53\\image.png"",""url"":null,""size"":null,""orig_name"":""image.png"",""mime_type"":null}",blurry,,2023-12-22 14:36:11.743494
D:\piotr\7 semestr\raster,"{""path"":""flagged\\Output\\8da47dedb55cce9e1d17\\image.png"",""url"":null,""size"":null,""orig_name"":""image.png"",""mime_type"":null}",,,2023-12-22 18:07:08.269338
